t_s,P_mbar,n_e_m3,T_e_eV,u1_vanne,u2_magnetron,Pr_norm,lum_norm
0.0000,1.0000,1.0000e+14,0.5000,0.5000,0.5000,0.997322,0.000002
0.1000,0.9978,4.9826e+13,0.1000,0.0000,0.5700,0.998665,0.000000
0.2000,0.9937,3.3211e+13,0.1000,0.0000,0.5400,0.999110,0.000000
0.3000,0.9897,2.4913e+13,0.1000,0.0000,0.5600,0.999332,0.000000
0.4000,0.9856,1.9936e+13,0.1000,0.0000,0.5800,0.999466,0.000000
0.5000,0.9816,1.6617e+13,0.1000,0.0000,0.6000,0.999555,0.000000
0.6000,0.9776,1.4246e+13,0.1000,0.0000,0.6200,0.999618,0.000000
0.7000,0.9737,1.2467e+13,0.1000,0.0000,0.6400,0.999666,0.000000
0.8000,0.9697,1.1084e+13,0.1000,0.0000,0.6600,0.999703,0.000000
0.9000,0.9658,9.9770e+12,0.1000,0.0000,0.6800,0.999733,0.000000
1.0000,0.9618,9.0711e+12,0.1000,0.0000,0.7000,0.999757,0.000000
1.1000,0.9579,8.3161e+12,0.1000,0.0000,0.7200,0.999777,0.000000
1.2000,0.9540,7.6771e+12,0.1000,0.0000,0.7400,0.999794,0.000000
1.3000,0.9501,7.1294e+12,0.1000,0.0000,0.7600,0.999809,0.000000
1.4000,0.9463,6.6546e+12,0.1000,0.0000,0.7800,0.999822,0.000000
1.5001,0.9424,6.2392e+12,0.1000,0.0000,0.8000,0.999833,0.000000
1.6001,0.9386,5.8725e+12,0.1000,0.0000,0.8200,0.999843,0.000000
1.7001,0.9348,5.5466e+12,0.1000,0.0000,0.8400,0.999851,0.000000
1.8001,0.9310,5.2550e+12,0.1000,0.0000,0.8600,0.999859,0.000000
1.9001,0.9272,4.9925e+12,0.1000,0.0000,0.8800,0.999866,0.000000
2.0001,0.9234,4.7550e+12,0.1000,0.0000,0.9000,0.999873,0.000000
2.1001,0.9197,4.5391e+12,0.1000,0.0000,0.9200,0.999878,0.000000
2.2001,0.9159,4.3419e+12,0.1000,0.0000,0.9400,0.999884,0.000000
2.3001,0.9122,4.1611e+12,0.1000,0.0000,0.9600,0.999888,0.000000
2.4001,0.9085,3.9948e+12,0.1000,0.0000,0.9800,0.999893,0.000000
2.5001,0.9048,3.8413e+12,0.1000,0.0000,1.0000,0.999897,0.000000
2.6001,0.9011,3.6992e+12,0.1000,0.0000,1.0000,0.999901,0.000000
2.7001,0.8975,3.5672e+12,0.1000,0.0000,1.0000,0.999904,0.000000
2.8001,0.8938,3.4443e+12,0.1000,0.0000,1.0000,0.999908,0.000000
2.9001,0.8902,3.3296e+12,0.1000,0.0000,1.0000,0.999911,0.000000
3.0001,0.8866,3.2222e+12,0.1000,0.0000,1.0000,0.999914,0.000000
3.1001,0.8830,3.1216e+12,0.1000,0.0000,1.0000,0.999916,0.000000
3.2001,0.8794,3.0271e+12,0.1000,0.0000,1.0000,0.999919,0.000000
3.3001,0.8758,2.9381e+12,0.1000,0.0000,1.0000,0.999921,0.000000
3.4001,0.8722,2.8542e+12,0.1000,0.0000,1.0000,0.999924,0.000000
3.5001,0.8687,2.7750e+12,0.1000,0.0000,1.0000,0.999926,0.000000
3.6001,0.8652,2.7001e+12,0.1000,0.0000,1.0000,0.999928,0.000000
3.7001,0.8616,2.6291e+12,0.1000,0.0000,1.0000,0.999930,0.000000
3.8001,0.8581,2.5617e+12,0.1000,0.0000,1.0000,0.999931,0.000000
3.9001,0.8546,2.4977e+12,0.1000,0.0000,1.0000,0.999933,0.000000
4.0001,0.8512,2.4368e+12,0.1000,0.0000,1.0000,0.999935,0.000000
4.1001,0.8477,2.3788e+12,0.1000,0.0000,1.0000,0.999936,0.000000
4.2001,0.8443,2.3235e+12,0.1000,0.0000,1.0000,0.999938,0.000000
4.3001,0.8408,2.2708e+12,0.1000,0.0000,1.0000,0.999939,0.000000
4.4001,0.8374,2.2203e+12,0.1000,0.0000,1.0000,0.999940,0.000000
4.5002,0.8340,2.1721e+12,0.1000,0.0000,1.0000,0.999942,0.000000
4.6002,0.8306,2.1259e+12,0.1000,0.0000,1.0000,0.999943,0.000000
4.7002,0.8272,2.0817e+12,0.1000,0.0000,1.0000,0.999944,0.000000
4.8002,0.8239,2.0392e+12,0.1000,0.0000,1.0000,0.999945,0.000000
4.9002,0.8205,1.9984e+12,0.1000,0.0000,1.0000,0.999946,0.000000
5.0002,0.8172,1.9593e+12,0.1000,0.0000,1.0000,0.999947,0.000000
5.1002,0.8139,1.9216e+12,0.1000,0.0000,1.0000,0.999949,0.000000
5.2002,0.8106,1.8854e+12,0.1000,0.0000,1.0000,0.999949,0.000000
5.3002,0.8073,1.8505e+12,0.1000,0.0000,1.0000,0.999950,0.000000
5.4002,0.8040,1.8169e+12,0.1000,0.0000,1.0000,0.999951,0.000000
5.5002,0.8007,1.7844e+12,0.1000,0.0000,1.0000,0.999952,0.000000
5.6002,0.7974,1.7531e+12,0.1000,0.0000,1.0000,0.999953,0.000000
5.7002,0.7942,1.7229e+12,0.1000,0.0000,1.0000,0.999954,0.000000
5.8002,0.7910,1.6937e+12,0.1000,0.0000,1.0000,0.999955,0.000000
5.9002,0.7878,1.6655e+12,0.1000,0.0000,1.0000,0.999955,0.000000
6.0002,0.7846,1.6382e+12,0.1000,0.0000,1.0000,0.999956,0.000000
6.1002,0.7814,1.6118e+12,0.1000,0.0000,1.0000,0.999957,0.000000
6.2002,0.7782,1.5863e+12,0.1000,0.0000,1.0000,0.999957,0.000000
6.3002,0.7750,1.5615e+12,0.1000,0.0000,1.0000,0.999958,0.000000
6.4002,0.7719,1.5375e+12,0.1000,0.0000,1.0000,0.999959,0.000000
6.5002,0.7687,1.5142e+12,0.1000,0.0000,1.0000,0.999959,0.000000
6.6002,0.7656,1.4916e+12,0.1000,0.0000,1.0000,0.999960,0.000000
6.7002,0.7625,1.4697e+12,0.1000,0.0000,1.0000,0.999961,0.000000
6.8002,0.7594,1.4484e+12,0.1000,0.0000,1.0000,0.999961,0.000000
6.9002,0.7563,1.4277e+12,0.1000,0.0000,1.0000,0.999962,0.000000
7.0002,0.7532,1.4076e+12,0.1000,0.0000,1.0000,0.999962,0.000000
7.1002,0.7502,1.3881e+12,0.1000,0.0000,1.0000,0.999963,0.000000
7.2002,0.7471,1.3691e+12,0.1000,0.0000,1.0000,0.999963,0.000000
7.3002,0.7441,1.3506e+12,0.1000,0.0000,1.0000,0.999964,0.000000
7.4002,0.7411,1.3326e+12,0.1000,0.0000,1.0000,0.999964,0.000000
7.5003,0.7380,1.3150e+12,0.1000,0.0000,1.0000,0.999965,0.000000
7.6003,0.7350,1.2980e+12,0.1000,0.0000,1.0000,0.999965,0.000000
7.7003,0.7321,1.2813e+12,0.1000,0.0000,1.0000,0.999966,0.000000
7.8003,0.7291,1.2651e+12,0.1000,0.0000,1.0000,0.999966,0.000000
7.9003,0.7261,1.2493e+12,0.1000,0.0000,1.0000,0.999967,0.000000
8.0003,0.7232,1.2339e+12,0.1000,0.0000,1.0000,0.999967,0.000000
8.1003,0.7202,1.2189e+12,0.1000,0.0000,1.0000,0.999967,0.000000
8.2003,0.7173,1.2042e+12,0.1000,0.0000,1.0000,0.999968,0.000000
8.3003,0.7144,1.1898e+12,0.1000,0.0000,1.0000,0.999968,0.000000
8.4003,0.7115,1.1759e+12,0.1000,0.0000,1.0000,0.999968,0.000000
8.5003,0.7086,1.1622e+12,0.1000,0.0000,1.0000,0.999969,0.000000
8.6003,0.7057,1.1488e+12,0.1000,0.0000,1.0000,0.999969,0.000000
8.7003,0.7028,1.1358e+12,0.1000,0.0000,1.0000,0.999970,0.000000
8.8003,0.7000,1.1230e+12,0.1000,0.0000,1.0000,0.999970,0.000000
8.9003,0.6971,1.1106e+12,0.1000,0.0000,1.0000,0.999970,0.000000
9.0003,0.6943,1.0984e+12,0.1000,0.0000,1.0000,0.999971,0.000000
9.1003,0.6915,1.0864e+12,0.1000,0.0000,1.0000,0.999971,0.000000
9.2003,0.6887,1.0747e+12,0.1000,0.0000,1.0000,0.999971,0.000000
9.3003,0.6859,1.0633e+12,0.1000,0.0000,1.0000,0.999972,0.000000
9.4003,0.6831,1.0521e+12,0.1000,0.0000,1.0000,0.999972,0.000000
9.5003,0.6803,1.0412e+12,0.1000,0.0000,1.0000,0.999972,0.000000
9.6003,0.6775,1.0304e+12,0.1000,0.0000,1.0000,0.999972,0.000000
9.7003,0.6748,1.0199e+12,0.1000,0.0000,1.0000,0.999973,0.000000
9.8003,0.6720,1.0096e+12,0.1000,0.0000,1.0000,0.999973,0.000000
9.9003,0.6693,9.9954e+11,0.1000,0.0000,1.0000,0.999973,0.000000
10.0003,0.6666,9.8965e+11,0.1000,0.0000,1.0000,0.999973,0.000000
10.1003,0.6639,9.7995e+11,0.1000,0.0000,1.0000,0.999974,0.000000
10.2003,0.6612,9.7044e+11,0.1000,0.0000,1.0000,0.999974,0.000000
10.3003,0.6585,9.6111e+11,0.1000,0.0000,1.0000,0.999974,0.000000
10.4003,0.6558,9.5196e+11,0.1000,0.0000,1.0000,0.999974,0.000000
10.5004,0.6531,9.4298e+11,0.1000,0.0000,1.0000,0.999975,0.000000
10.6004,0.6505,9.3417e+11,0.1000,0.0000,1.0000,0.999975,0.000000
10.7004,0.6478,9.2552e+11,0.1000,0.0000,1.0000,0.999975,0.000000
10.8004,0.6452,9.1704e+11,0.1000,0.0000,1.0000,0.999975,0.000000
10.9004,0.6426,9.0870e+11,0.1000,0.0000,1.0000,0.999976,0.000000
11.0004,0.6400,9.0052e+11,0.1000,0.0000,1.0000,0.999976,0.000000
11.1004,0.6374,8.9248e+11,0.1000,0.0000,1.0000,0.999976,0.000000
11.2004,0.6348,8.8459e+11,0.1000,0.0000,1.0000,0.999976,0.000000
11.3004,0.6322,8.7683e+11,0.1000,0.0000,1.0000,0.999977,0.000000
11.4004,0.6296,8.6921e+11,0.1000,0.0000,1.0000,0.999977,0.000000
11.5004,0.6270,8.6172e+11,0.1000,0.0000,1.0000,0.999977,0.000000
11.6004,0.6245,8.5435e+11,0.1000,0.0000,1.0000,0.999977,0.000000
11.7004,0.6220,8.4711e+11,0.1000,0.0000,1.0000,0.999977,0.000000
11.8004,0.6194,8.4000e+11,0.1000,0.0000,1.0000,0.999977,0.000000
11.9004,0.6169,8.3300e+11,0.1000,0.0000,1.0000,0.999978,0.000000
12.0004,0.6144,8.2612e+11,0.1000,0.0000,1.0000,0.999978,0.000000
12.1004,0.6119,8.1935e+11,0.1000,0.0000,1.0000,0.999978,0.000000
12.2004,0.6094,8.1269e+11,0.1000,0.0000,1.0000,0.999978,0.000000
12.3004,0.6069,8.0614e+11,0.1000,0.0000,1.0000,0.999978,0.000000
12.4004,0.6045,7.9969e+11,0.1000,0.0000,1.0000,0.999979,0.000000
12.5004,0.6020,7.9335e+11,0.1000,0.0000,1.0000,0.999979,0.000000
12.6004,0.5996,7.8710e+11,0.1000,0.0000,1.0000,0.999979,0.000000
12.7004,0.5971,7.8095e+11,0.1000,0.0000,1.0000,0.999979,0.000000
12.8004,0.5947,7.7490e+11,0.1000,0.0000,1.0000,0.999979,0.000000
12.9004,0.5923,7.6894e+11,0.1000,0.0000,1.0000,0.999979,0.000000
13.0004,0.5899,7.6307e+11,0.1000,0.0000,1.0000,0.999980,0.000000
13.1004,0.5875,7.5730e+11,0.1000,0.0000,1.0000,0.999980,0.000000
13.2004,0.5851,7.5160e+11,0.1000,0.0000,1.0000,0.999980,0.000000
13.3004,0.5827,7.4600e+11,0.1000,0.0000,1.0000,0.999980,0.000000
13.4004,0.5803,7.4047e+11,0.1000,0.0000,1.0000,0.999980,0.000000
13.5005,0.5780,7.3503e+11,0.1000,0.0000,1.0000,0.999980,0.000000
13.6005,0.5756,7.2966e+11,0.1000,0.0000,1.0000,0.999980,0.000000
13.7005,0.5733,7.2438e+11,0.1000,0.0000,1.0000,0.999981,0.000000
13.8005,0.5710,7.1917e+11,0.1000,0.0000,1.0000,0.999981,0.000000
13.9005,0.5686,7.1403e+11,0.1000,0.0000,1.0000,0.999981,0.000000
14.0005,0.5663,7.0897e+11,0.1000,0.0000,1.0000,0.999981,0.000000
14.1005,0.5640,7.0398e+11,0.1000,0.0000,1.0000,0.999981,0.000000
14.2005,0.5617,6.9906e+11,0.1000,0.0000,1.0000,0.999981,0.000000
14.3005,0.5594,6.9420e+11,0.1000,0.0000,1.0000,0.999981,0.000000
14.4005,0.5572,6.8942e+11,0.1000,0.0000,1.0000,0.999982,0.000000
14.5005,0.5549,6.8470e+11,0.1000,0.0000,1.0000,0.999982,0.000000
14.6005,0.5526,6.8004e+11,0.1000,0.0000,1.0000,0.999982,0.000000
14.7005,0.5504,6.7545e+11,0.1000,0.0000,1.0000,0.999982,0.000000
14.8005,0.5482,6.7092e+11,0.1000,0.0000,1.0000,0.999982,0.000000
14.9005,0.5459,6.6644e+11,0.1000,0.0000,1.0000,0.999982,0.000000
15.0005,0.5437,6.6203e+11,0.1000,0.0000,1.0000,0.999982,0.000000
15.1005,0.5740,6.5768e+11,0.1000,0.0000,1.0000,0.999982,0.000000
15.2005,0.6042,6.5338e+11,0.1000,0.0000,1.0000,0.999982,0.000000
15.3005,0.6343,6.4914e+11,0.1000,0.0000,1.0000,0.999983,0.000000
15.4005,0.6642,6.4495e+11,0.1000,0.0000,1.0000,0.999983,0.000000
15.5005,0.6941,6.4082e+11,0.1000,0.0000,1.0000,0.999983,0.000000
15.6005,0.6913,6.3674e+11,0.1000,0.0000,1.0000,0.999983,0.000000
15.7005,0.6884,6.3271e+11,0.1000,0.0000,1.0000,0.999983,0.000000
15.8005,0.6856,6.2873e+11,0.1000,0.0000,1.0000,0.999983,0.000000
15.9005,0.6829,6.2480e+11,0.1000,0.0000,1.0000,0.999983,0.000000
16.0005,0.6801,6.2092e+11,0.1000,0.0000,1.0000,0.999983,0.000000
16.1005,0.6773,6.1709e+11,0.1000,0.0000,1.0000,0.999983,0.000000
16.2005,0.6746,6.1331e+11,0.1000,0.0000,1.0000,0.999984,0.000000
16.3005,0.6718,6.0957e+11,0.1000,0.0000,1.0000,0.999984,0.000000
16.4005,0.6691,6.0587e+11,0.1000,0.0000,1.0000,0.999984,0.000000
16.5006,0.6664,6.0222e+11,0.1000,0.0000,1.0000,0.999984,0.000000
16.6006,0.6637,5.9862e+11,0.1000,0.0000,1.0000,0.999984,0.000000
16.7006,0.6610,5.9506e+11,0.1000,0.0000,1.0000,0.999984,0.000000
16.8006,0.6583,5.9154e+11,0.1000,0.0000,1.0000,0.999984,0.000000
16.9006,0.6556,5.8806e+11,0.1000,0.0000,1.0000,0.999984,0.000000
17.0006,0.6529,5.8462e+11,0.1000,0.0000,1.0000,0.999984,0.000000
17.1006,0.6503,5.8122e+11,0.1000,0.0000,1.0000,0.999984,0.000000
17.2006,0.6476,5.7786e+11,0.1000,0.0000,1.0000,0.999985,0.000000
17.3006,0.6450,5.7454e+11,0.1000,0.0000,1.0000,0.999985,0.000000
17.4006,0.6424,5.7126e+11,0.1000,0.0000,1.0000,0.999985,0.000000
17.5006,0.6398,5.6801e+11,0.1000,0.0000,1.0000,0.999985,0.000000
17.6006,0.6372,5.6481e+11,0.1000,0.0000,1.0000,0.999985,0.000000
17.7006,0.6346,5.6163e+11,0.1000,0.0000,1.0000,0.999985,0.000000
17.8006,0.6320,5.5850e+11,0.1000,0.0000,1.0000,0.999985,0.000000
17.9006,0.6294,5.5540e+11,0.1000,0.0000,1.0000,0.999985,0.000000
18.0006,0.6269,5.5233e+11,0.1000,0.0000,1.0000,0.999985,0.000000
18.1006,0.6243,5.4929e+11,0.1000,0.0000,1.0000,0.999985,0.000000
18.2006,0.6218,5.4629e+11,0.1000,0.0000,1.0000,0.999985,0.000000
18.3006,0.6192,5.4332e+11,0.1000,0.0000,1.0000,0.999985,0.000000
18.4006,0.6167,5.4039e+11,0.1000,0.0000,1.0000,0.999986,0.000000
18.5006,0.6142,5.3748e+11,0.1000,0.0000,1.0000,0.999986,0.000000
18.6006,0.6117,5.3461e+11,0.1000,0.0000,1.0000,0.999986,0.000000
18.7006,0.6092,5.3177e+11,0.1000,0.0000,1.0000,0.999986,0.000000
18.8006,0.6068,5.2895e+11,0.1000,0.0000,1.0000,0.999986,0.000000
18.9006,0.6043,5.2617e+11,0.1000,0.0000,1.0000,0.999986,0.000000
19.0006,0.6018,5.2342e+11,0.1000,0.0000,1.0000,0.999986,0.000000
19.1006,0.5994,5.2069e+11,0.1000,0.0000,1.0000,0.999986,0.000000
19.2006,0.5969,5.1799e+11,0.1000,0.0000,1.0000,0.999986,0.000000
19.3006,0.5945,5.1532e+11,0.1000,0.0000,1.0000,0.999986,0.000000
19.4006,0.5921,5.1268e+11,0.1000,0.0000,1.0000,0.999986,0.000000
19.5007,0.5897,5.1007e+11,0.1000,0.0000,1.0000,0.999986,0.000000
19.6007,0.5873,5.0748e+11,0.1000,0.0000,1.0000,0.999986,0.000000
19.7007,0.5849,5.0492e+11,0.1000,0.0000,1.0000,0.999986,0.000000
19.8007,0.5825,5.0238e+11,0.1000,0.0000,1.0000,0.999987,0.000000
19.9007,0.5802,4.9987e+11,0.1000,0.0000,1.0000,0.999987,0.000000
20.0007,0.5778,4.9738e+11,0.1000,0.0000,1.0000,0.999987,0.000000
20.1007,0.5755,4.9492e+11,0.1000,0.0000,1.0000,0.999987,0.000000
20.2007,0.5731,4.9248e+11,0.1000,0.0000,1.0000,0.999987,0.000000
20.3007,0.5708,4.9007e+11,0.1000,0.0000,1.0000,0.999987,0.000000
20.4007,0.5685,4.8768e+11,0.1000,0.0000,1.0000,0.999987,0.000000
20.5007,0.5662,4.8531e+11,0.1000,0.0000,1.0000,0.999987,0.000000
20.6007,0.5638,4.8297e+11,0.1000,0.0000,1.0000,0.999987,0.000000
20.7007,0.5616,4.8065e+11,0.1000,0.0000,1.0000,0.999987,0.000000
20.8007,0.5593,4.7835e+11,0.1000,0.0000,1.0000,0.999987,0.000000
20.9007,0.5570,4.7607e+11,0.1000,0.0000,1.0000,0.999987,0.000000
21.0007,0.5547,4.7381e+11,0.1000,0.0000,1.0000,0.999987,0.000000
21.1007,0.5525,4.7158e+11,0.1000,0.0000,1.0000,0.999987,0.000000
21.2007,0.5502,4.6937e+11,0.1000,0.0000,1.0000,0.999987,0.000000
21.3007,0.5480,4.6717e+11,0.1000,0.0000,1.0000,0.999987,0.000000
21.4007,0.5458,4.6500e+11,0.1000,0.0000,1.0000,0.999988,0.000000
21.5007,0.5435,4.6285e+11,0.1000,0.0000,1.0000,0.999988,0.000000
21.6007,0.5413,4.6072e+11,0.1000,0.0000,1.0000,0.999988,0.000000
21.7007,0.5391,4.5860e+11,0.1000,0.0000,1.0000,0.999988,0.000000
21.8007,0.5369,4.5651e+11,0.1000,0.0000,1.0000,0.999988,0.000000
21.9007,0.5348,4.5443e+11,0.1000,0.0000,1.0000,0.999988,0.000000
22.0007,0.5326,4.5238e+11,0.1000,0.0000,1.0000,0.999988,0.000000
22.1007,0.5304,4.5034e+11,0.1000,0.0000,1.0000,0.999988,0.000000
22.2007,0.5283,4.4832e+11,0.1000,0.0000,1.0000,0.999988,0.000000
22.3007,0.5261,4.4632e+11,0.1000,0.0000,1.0000,0.999988,0.000000
22.4007,0.5240,4.4434e+11,0.1000,0.0000,1.0000,0.999988,0.000000
22.5008,0.5218,4.4237e+11,0.1000,0.0000,1.0000,0.999988,0.000000
22.6008,0.5197,4.4042e+11,0.1000,0.0000,1.0000,0.999988,0.000000
22.7008,0.5176,4.3849e+11,0.1000,0.0000,1.0000,0.999988,0.000000
22.8008,0.5155,4.3658e+11,0.1000,0.0000,1.0000,0.999988,0.000000
22.9008,0.5134,4.3468e+11,0.1000,0.0000,1.0000,0.999988,0.000000
23.0008,0.5113,4.3280e+11,0.1000,0.0000,1.0000,0.999988,0.000000
23.1008,0.5092,4.3093e+11,0.1000,0.0000,1.0000,0.999988,0.000000
23.2008,0.5072,4.2908e+11,0.1000,0.0000,1.0000,0.999989,0.000000
23.3008,0.5051,4.2725e+11,0.1000,0.0000,1.0000,0.999989,0.000000
23.4008,0.5031,4.2543e+11,0.1000,0.0000,1.0000,0.999989,0.000000
23.5008,0.5010,4.2363e+11,0.1000,0.0000,1.0000,0.999989,0.000000
23.6008,0.4990,4.2184e+11,0.1000,0.0000,1.0000,0.999989,0.000000
23.7008,0.4969,4.2007e+11,0.1000,0.0000,1.0000,0.999989,0.000000
23.8008,0.4949,4.1831e+11,0.1000,0.0000,1.0000,0.999989,0.000000
23.9008,0.4929,4.1657e+11,0.1000,0.0000,1.0000,0.999989,0.000000
24.0008,0.4909,4.1484e+11,0.1000,0.0000,1.0000,0.999989,0.000000
24.1008,0.4889,4.1313e+11,0.1000,0.0000,1.0000,0.999989,0.000000
24.2008,0.4869,4.1143e+11,0.1000,0.0000,1.0000,0.999989,0.000000
24.3008,0.4849,4.0974e+11,0.1000,0.0000,1.0000,0.999989,0.000000
24.4008,0.4830,4.0807e+11,0.1000,0.0000,1.0000,0.999989,0.000000
24.5008,0.4810,4.0641e+11,0.1000,0.0000,1.0000,0.999989,0.000000
24.6008,0.4791,4.0477e+11,0.1000,0.0000,1.0000,0.999989,0.000000
24.7008,0.4771,4.0314e+11,0.1000,0.0000,1.0000,0.999989,0.000000
24.8008,0.4752,4.0152e+11,0.1000,0.0000,1.0000,0.999989,0.000000
24.9008,0.4732,3.9991e+11,0.1000,0.0000,1.0000,0.999989,0.000000
25.0008,0.4713,3.9832e+11,0.1000,0.0000,1.0000,0.999989,0.000000
25.1008,0.4694,3.9674e+11,0.1000,0.0000,1.0000,0.999989,0.000000
25.2008,0.4675,3.9517e+11,0.1000,0.0000,1.0000,0.999989,0.000000
25.3008,0.4656,3.9361e+11,0.1000,0.0000,1.0000,0.999989,0.000000
25.4008,0.4637,3.9207e+11,0.1000,0.0000,1.0000,0.999989,0.000000
25.5009,0.4618,3.9054e+11,0.1000,0.0000,1.0000,0.999990,0.000000
25.6009,0.4599,3.8902e+11,0.1000,0.0000,1.0000,0.999990,0.000000
25.7009,0.4581,3.8751e+11,0.1000,0.0000,1.0000,0.999990,0.000000
25.8009,0.4562,3.8602e+11,0.1000,0.0000,1.0000,0.999990,0.000000
25.9009,0.4543,3.8453e+11,0.1000,0.0000,1.0000,0.999990,0.000000
26.0009,0.4525,3.8306e+11,0.1000,0.0000,1.0000,0.999990,0.000000
26.1009,0.4506,3.8160e+11,0.1000,0.0000,1.0000,0.999990,0.000000
26.2009,0.4488,3.8015e+11,0.1000,0.0000,1.0000,0.999990,0.000000
26.3009,0.4470,3.7871e+11,0.1000,0.0000,1.0000,0.999990,0.000000
26.4009,0.4452,3.7728e+11,0.1000,0.0000,1.0000,0.999990,0.000000
26.5009,0.4434,3.7586e+11,0.1000,0.0000,1.0000,0.999990,0.000000
26.6009,0.4416,3.7445e+11,0.1000,0.0000,1.0000,0.999990,0.000000
26.7009,0.4398,3.7306e+11,0.1000,0.0000,1.0000,0.999990,0.000000
26.8009,0.4380,3.7167e+11,0.1000,0.0000,1.0000,0.999990,0.000000
26.9009,0.4362,3.7029e+11,0.1000,0.0000,1.0000,0.999990,0.000000
27.0009,0.4344,3.6893e+11,0.1000,0.0000,1.0000,0.999990,0.000000
27.1009,0.4327,3.6757e+11,0.1000,0.0000,1.0000,0.999990,0.000000
27.2009,0.4309,3.6623e+11,0.1000,0.0000,1.0000,0.999990,0.000000
27.3009,0.4291,3.6489e+11,0.1000,0.0000,1.0000,0.999990,0.000000
27.4009,0.4274,3.6356e+11,0.1000,0.0000,1.0000,0.999990,0.000000
27.5009,0.4257,3.6225e+11,0.1000,0.0000,1.0000,0.999990,0.000000
27.6009,0.4239,3.6094e+11,0.1000,0.0000,1.0000,0.999990,0.000000
27.7009,0.4222,3.5964e+11,0.1000,0.0000,1.0000,0.999990,0.000000
27.8009,0.4205,3.5835e+11,0.1000,0.0000,1.0000,0.999990,0.000000
27.9009,0.4188,3.5707e+11,0.1000,0.0000,1.0000,0.999990,0.000000
28.0009,0.4171,3.5580e+11,0.1000,0.0000,1.0000,0.999990,0.000000
28.1009,0.4154,3.5454e+11,0.1000,0.0000,1.0000,0.999990,0.000000
28.2009,0.4137,3.5329e+11,0.1000,0.0000,1.0000,0.999991,0.000000
28.3009,0.4120,3.5204e+11,0.1000,0.0000,1.0000,0.999991,0.000000
28.4009,0.4103,3.5081e+11,0.1000,0.0000,1.0000,0.999991,0.000000
28.5010,0.4087,3.4958e+11,0.1000,0.0000,1.0000,0.999991,0.000000
28.6010,0.4070,3.4836e+11,0.1000,0.0000,1.0000,0.999991,0.000000
28.7010,0.4054,3.4715e+11,0.1000,0.0000,1.0000,0.999991,0.000000
28.8010,0.4037,3.4595e+11,0.1000,0.0000,1.0000,0.999991,0.000000
28.9010,0.4021,3.4476e+11,0.1000,0.0000,1.0000,0.999991,0.000000
29.0010,0.4004,3.4358e+11,0.1000,0.0000,1.0000,0.999991,0.000000
29.1010,0.3988,3.4240e+11,0.1000,0.0000,1.0000,0.999991,0.000000
29.2010,0.3972,3.4123e+11,0.1000,0.0000,1.0000,0.999991,0.000000
29.3010,0.3956,3.4007e+11,0.1000,0.0000,1.0000,0.999991,0.000000
29.4010,0.3940,3.3892e+11,0.1000,0.0000,1.0000,0.999991,0.000000
29.5010,0.3924,3.3777e+11,0.1000,0.0000,1.0000,0.999991,0.000000
29.6010,0.3908,3.3664e+11,0.1000,0.0000,1.0000,0.999991,0.000000
29.7010,0.3892,3.3551e+11,0.1000,0.0000,1.0000,0.999991,0.000000
29.8010,0.3876,3.3438e+11,0.1000,0.0000,1.0000,0.999991,0.000000
29.9010,0.3860,3.3327e+11,0.1000,0.0000,1.0000,0.999991,0.000000
